user_id,factor_id,rating
1,1,2
2,1,1
3,1,2
4,1,2
5,1,2
6,1,1
7,1,3
8,1,3
9,1,5
10,1,2
11,1,2
12,1,3
13,1,2
14,1,2
15,1,2
16,1,2
17,1,3
18,1,2
19,1,2
20,1,4
21,1,2
22,1,2
23,1,2
24,1,2
25,1,5
26,1,2
27,1,2
28,1,3
29,1,2
30,1,2
31,1,2
32,1,2
33,1,3
34,1,2
35,1,2
36,1,3
37,1,5
38,1,5
39,1,2
40,1,4
41,1,3
42,1,4
43,1,2
44,1,3
45,1,4
46,1,5
47,1,4
48,1,2
49,1,4
50,1,3
51,1,2
52,1,2
53,1,2
54,1,4
55,1,4
56,1,4
57,1,1
58,1,4
59,1,4
60,1,3
61,1,4
62,1,4
63,1,3
64,1,2
65,1,4
66,1,2
67,1,2
68,1,2
69,1,1
70,1,2
71,1,1
72,1,2
73,1,2
74,1,2
75,1,4
76,1,4
77,1,2
78,1,4
79,1,4
80,1,2
81,1,1
82,1,2
83,1,3
84,1,2
85,1,4
86,1,2
87,1,3
88,1,1
89,1,3
90,1,3
91,1,3
92,1,3
93,1,3
94,1,3
95,1,4
96,1,5
97,1,3
98,1,3
99,1,3
100,1,1
101,1,4
102,1,3
103,1,5
104,1,4
105,1,5
106,1,4
107,1,4
108,1,4
109,1,2
110,1,2
111,1,4
112,1,2
113,1,4
114,1,3
115,1,3
116,1,4
117,1,4
118,1,2
119,1,3
120,1,2
121,1,3
122,1,3
123,1,3
124,1,4
125,1,2
126,1,2
127,1,2
128,1,3
129,1,4
130,1,5
131,1,2
132,1,4
133,1,4
134,1,4
135,1,4
136,1,4
137,1,2
138,1,2
139,1,1
140,1,3
141,1,3
142,1,4
143,1,3
144,1,3
145,1,4
146,1,4
147,1,3
148,1,3
149,1,2
150,1,4
151,1,1
152,1,2
153,1,4
154,1,3
155,1,4
156,1,2
157,1,4
158,1,2
159,1,2
160,1,2
161,1,1
162,1,4
163,1,2
164,1,4
165,1,2
166,1,2
167,1,2
168,1,4
169,1,4
170,1,4
171,1,2
172,1,4
173,1,2
174,1,4
175,1,3
176,1,3
177,1,4
178,1,3
179,1,4
180,1,4
181,1,2
182,1,4
183,1,4
184,1,4
185,1,2
186,1,3
187,1,3
188,1,2
189,1,3
190,1,4
191,1,2
192,1,4
193,1,2
194,1,3
195,1,3
196,1,4
197,1,3
198,1,4
199,1,2
200,1,2
201,1,3
202,1,4
203,1,4
204,1,2
205,1,3
206,1,3
207,1,4
208,1,3
209,1,2
210,1,2
211,1,5
212,1,4
213,1,3
214,1,2
215,1,4
216,1,5
217,1,4
218,1,5
219,1,5
220,1,4
221,1,2
222,1,1
223,1,3
224,1,3
225,1,4
226,1,2
227,1,3
228,1,4
229,1,4
230,1,4
231,1,1
232,1,1
233,1,4
234,1,4
235,1,2
236,1,1
237,1,3
238,1,4
239,1,2
240,1,4
241,1,2
242,1,4
243,1,3
244,1,2
245,1,4
246,1,2
247,1,2
248,1,2
249,1,4
250,1,2
251,1,2
252,1,3
253,1,2
254,1,4
255,1,2
256,1,4
257,1,1
258,1,2
259,1,3
260,1,3
261,1,2
262,1,2
263,1,3
264,1,4
265,1,3
266,1,2
267,1,2
268,1,3
269,1,3
270,1,2
271,1,4
272,1,4
273,1,2
274,1,1
275,1,2
276,1,2
277,1,4
278,1,2
279,1,1
280,1,2
281,1,2
282,1,2
283,1,2
284,1,4
285,1,3
286,1,2
287,1,2
288,1,3
289,1,3
290,1,2
291,1,2
292,1,2
293,1,2
294,1,4
295,1,2
296,1,2
297,1,3
298,1,4
299,1,2
300,1,3
301,1,5
302,1,4
303,1,2
304,1,4
305,1,2
306,1,4
307,1,2
308,1,2
309,1,1
310,1,1
311,1,2
312,1,2
313,1,4
314,1,2
315,1,4
316,1,3
317,1,4
318,1,2
319,1,4
320,1,4
321,1,4
322,1,4
323,1,2
324,1,2
325,1,2
326,1,5
327,1,2
328,1,2
329,1,3
330,1,2
331,1,4
332,1,2
333,1,4
334,1,5
335,1,2
336,1,2
337,1,4
338,1,2
339,1,2
340,1,2
341,1,4
342,1,4
343,1,2
344,1,3
345,1,5
346,1,3
347,1,3
348,1,2
349,1,4
350,1,2
351,1,4
352,1,4
353,1,3
354,1,2
355,1,4
356,1,3
357,1,3
358,1,2
359,1,3
360,1,2
361,1,2
362,1,2
363,1,4
364,1,2
365,1,2
366,1,3
367,1,2
368,1,2
369,1,3
370,1,1
371,1,4
372,1,2
373,1,4
374,1,4
375,1,4
376,1,1
377,1,4
378,1,2
379,1,4
380,1,2
381,1,1
382,1,5
383,1,5
384,1,2
385,1,4
386,1,1
387,1,2
388,1,2
389,1,3
390,1,5
391,1,1
392,1,4
393,1,4
394,1,2
395,1,4
396,1,2
397,1,2
398,1,4
399,1,2
400,1,2
401,1,3
402,1,4
403,1,4
404,1,4
405,1,2
406,1,3
407,1,4
408,1,4
409,1,3
410,1,2
411,1,2
412,1,4
413,1,3
414,1,3
415,1,4
416,1,5
417,1,4
418,1,2
419,1,2
420,1,3
421,1,4
422,1,4
423,1,4
424,1,3
425,1,2
426,1,3
427,1,2
428,1,4
429,1,3
430,1,4
431,1,2
432,1,2
433,1,4
434,1,3
435,1,2
436,1,1
437,1,2
438,1,3
439,1,1
440,1,4
441,1,4
442,1,2
443,1,3
444,1,4
445,1,2
446,1,2
447,1,3
448,1,4
449,1,4
450,1,5
451,1,1
452,1,5
453,1,2
454,1,3
455,1,3
456,1,1
457,1,2
458,1,4
459,1,1
460,1,4
461,1,3
462,1,4
463,1,3
464,1,2
465,1,3
466,1,4
467,1,2
468,1,3
469,1,2
470,1,3
471,1,4
472,1,4
473,1,2
474,1,4
475,1,4
476,1,4
477,1,3
478,1,4
479,1,4
480,1,2
481,1,2
482,1,4
483,1,3
484,1,4
485,1,3
486,1,2
487,1,5
488,1,2
489,1,4
490,1,4
491,1,2
492,1,2
493,1,4
494,1,3
495,1,2
496,1,4
497,1,1
498,1,3
499,1,2
500,1,2
501,1,2
502,1,3
503,1,4
504,1,3
505,1,4
506,1,2
1,2,4
2,2,1
3,2,2
4,2,2
5,2,3
6,2,4
7,2,2
8,2,3
9,2,4
10,2,2
11,2,2
12,2,2
13,2,3
14,2,4
15,2,2
16,2,4
17,2,4
18,2,3
19,2,3
20,2,4
21,2,3
22,2,4
23,2,2
24,2,2
25,2,4
26,2,3
27,2,4
28,2,4
29,2,4
30,2,4
31,2,5
32,2,4
33,2,5
34,2,4
35,2,2
36,2,3
37,2,4
38,2,2
39,2,4
40,2,2
41,2,4
42,2,2
43,2,2
44,2,3
45,2,3
46,2,2
47,2,4
48,2,2
49,2,3
50,2,1
51,2,2
52,2,3
53,2,3
54,2,4
55,2,2
56,2,3
57,2,1
58,2,4
59,2,4
60,2,4
61,2,5
62,2,4
63,2,4
64,2,2
65,2,4
66,2,2
67,2,3
68,2,2
69,2,3
70,2,3
71,2,4
72,2,2
73,2,4
74,2,4
75,2,4
76,2,2
77,2,3
78,2,3
79,2,1
80,2,2
81,2,2
82,2,3
83,2,3
84,2,2
85,2,4
86,2,3
87,2,3
88,2,2
89,2,2
90,2,2
91,2,3
92,2,5
93,2,2
94,2,2
95,2,2
96,2,4
97,2,3
98,2,2
99,2,4
100,2,4
101,2,3
102,2,2
103,2,4
104,2,2
105,2,4
106,2,2
107,2,4
108,2,2
109,2,3
110,2,4
111,2,3
112,2,3
113,2,1
114,2,5
115,2,2
116,2,4
117,2,4
118,2,3
119,2,4
120,2,4
121,2,3
122,2,3
123,2,4
124,2,5
125,2,4
126,2,4
127,2,4
128,2,4
129,2,4
130,2,2
131,2,3
132,2,4
133,2,2
134,2,4
135,2,3
136,2,2
137,2,4
138,2,3
139,2,5
140,2,3
141,2,4
142,2,2
143,2,2
144,2,2
145,2,4
146,2,1
147,2,2
148,2,2
149,2,4
150,2,4
151,2,3
152,2,4
153,2,4
154,2,4
155,2,4
156,2,2
157,2,3
158,2,3
159,2,4
160,2,5
161,2,5
162,2,3
163,2,5
164,2,2
165,2,2
166,2,4
167,2,3
168,2,4
169,2,4
170,2,4
171,2,2
172,2,4
173,2,4
174,2,4
175,2,2
176,2,2
177,2,3
178,2,3
179,2,2
180,2,4
181,2,2
182,2,4
183,2,2
184,2,4
185,2,4
186,2,2
187,2,3
188,2,4
189,2,4
190,2,1
191,2,2
192,2,2
193,2,3
194,2,2
195,2,4
196,2,3
197,2,3
198,2,2
199,2,3
200,2,4
201,2,3
202,2,4
203,2,2
204,2,2
205,2,4
206,2,2
207,2,3
208,2,1
209,2,3
210,2,2
211,2,2
212,2,3
213,2,3
214,2,3
215,2,3
216,2,4
217,2,2
218,2,3
219,2,2
220,2,1
221,2,4
222,2,5
223,2,4
224,2,3
225,2,3
226,2,3
227,2,4
228,2,2
229,2,3
230,2,4
231,2,2
232,2,4
233,2,2
234,2,2
235,2,4
236,2,2
237,2,3
238,2,2
239,2,2
240,2,2
241,2,3
242,2,2
243,2,1
244,2,2
245,2,4
246,2,2
247,2,2
248,2,3
249,2,2
250,2,4
251,2,2
252,2,3
253,2,4
254,2,3
255,2,5
256,2,2
257,2,2
258,2,3
259,2,1
260,2,2
261,2,3
262,2,2
263,2,3
264,2,2
265,2,4
266,2,4
267,2,3
268,2,2
269,2,2
270,2,4
271,2,4
272,2,4
273,2,2
274,2,2
275,2,4
276,2,4
277,2,4
278,2,4
279,2,1
280,2,4
281,2,2
282,2,4
283,2,4
284,2,2
285,2,5
286,2,1
287,2,4
288,2,5
289,2,3
290,2,3
291,2,4
292,2,3
293,2,4
294,2,1
295,2,4
296,2,5
297,2,2
298,2,2
299,2,4
300,2,3
301,2,3
302,2,3
303,2,4
304,2,3
305,2,4
306,2,4
307,2,4
308,2,4
309,2,2
310,2,4
311,2,5
312,2,5
313,2,4
314,2,4
315,2,4
316,2,2
317,2,3
318,2,4
319,2,4
320,2,2
321,2,4
322,2,3
323,2,3
324,2,4
325,2,4
326,2,2
327,2,4
328,2,4
329,2,4
330,2,3
331,2,4
332,2,2
333,2,2
334,2,4
335,2,4
336,2,5
337,2,3
338,2,4
339,2,4
340,2,4
341,2,2
342,2,3
343,2,2
344,2,2
345,2,4
346,2,2
347,2,2
348,2,2
349,2,3
350,2,4
351,2,3
352,2,4
353,2,4
354,2,2
355,2,4
356,2,2
357,2,2
358,2,4
359,2,3
360,2,2
361,2,2
362,2,5
363,2,4
364,2,2
365,2,2
366,2,5
367,2,2
368,2,1
369,2,2
370,2,2
371,2,4
372,2,4
373,2,4
374,2,3
375,2,3
376,2,1
377,2,2
378,2,4
379,2,3
380,2,4
381,2,2
382,2,5
383,2,3
384,2,2
385,2,2
386,2,2
387,2,4
388,2,3
389,2,4
390,2,4
391,2,3
392,2,2
393,2,2
394,2,2
395,2,4
396,2,4
397,2,3
398,2,3
399,2,4
400,2,4
401,2,4
402,2,3
403,2,3
404,2,2
405,2,1
406,2,4
407,2,4
408,2,2
409,2,4
410,2,2
411,2,2
412,2,3
413,2,3
414,2,3
415,2,5
416,2,4
417,2,4
418,2,3
419,2,4
420,2,3
421,2,2
422,2,2
423,2,4
424,2,4
425,2,2
426,2,4
427,2,4
428,2,4
429,2,4
430,2,4
431,2,2
432,2,5
433,2,3
434,2,4
435,2,2
436,2,2
437,2,2
438,2,1
439,2,4
440,2,4
441,2,4
442,2,4
443,2,2
444,2,4
445,2,2
446,2,2
447,2,2
448,2,3
449,2,3
450,2,2
451,2,4
452,2,4
453,2,2
454,2,2
455,2,2
456,2,2
457,2,3
458,2,1
459,2,2
460,2,3
461,2,3
462,2,4
463,2,4
464,2,2
465,2,2
466,2,2
467,2,1
468,2,4
469,2,4
470,2,4
471,2,2
472,2,2
473,2,4
474,2,2
475,2,4
476,2,4
477,2,4
478,2,4
479,2,4
480,2,4
481,2,5
482,2,3
483,2,3
484,2,2
485,2,2
486,2,2
487,2,4
488,2,3
489,2,4
490,2,4
491,2,4
492,2,4
493,2,4
494,2,4
495,2,4
496,2,4
497,2,4
498,2,2
499,2,4
500,2,2
501,2,2
502,2,3
503,2,2
504,2,3
505,2,3
506,2,4
1,3,1
2,3,1
3,3,1
4,3,1
5,3,3
6,3,1
7,3,1
8,3,3
9,3,1
10,3,3
11,3,4
12,3,1
13,3,4
14,3,4
15,3,4
16,3,3
17,3,1
18,3,2
19,3,4
20,3,4
21,3,2
22,3,2
23,3,3
24,3,4
25,3,4
26,3,2
27,3,4
28,3,2
29,3,2
30,3,2
31,3,3
32,3,4
33,3,4
34,3,4
35,3,2
36,3,4
37,3,3
38,3,3
39,3,2
40,3,3
41,3,4
42,3,2
43,3,3
44,3,2
45,3,3
46,3,2
47,3,4
48,3,2
49,3,3
50,3,3
51,3,4
52,3,2
53,3,2
54,3,2
55,3,4
56,3,2
57,3,5
58,3,4
59,3,2
60,3,4
61,3,2
62,3,4
63,3,3
64,3,2
65,3,3
66,3,2
67,3,2
68,3,4
69,3,3
70,3,4
71,3,4
72,3,4
73,3,4
74,3,4
75,3,4
76,3,3
77,3,1
78,3,2
79,3,3
80,3,4
81,3,4
82,3,4
83,3,2
84,3,4
85,3,3
86,3,4
87,3,2
88,3,2
89,3,2
90,3,3
91,3,2
92,3,4
93,3,3
94,3,2
95,3,4
96,3,4
97,3,3
98,3,2
99,3,2
100,3,2
101,3,2
102,3,3
103,3,3
104,3,4
105,3,4
106,3,2
107,3,2
108,3,2
109,3,2
110,3,5
111,3,3
112,3,1
113,3,4
114,3,2
115,3,2
116,3,4
117,3,4
118,3,3
119,3,5
120,3,4
121,3,2
122,3,2
123,3,4
124,3,3
125,3,2
126,3,2
127,3,1
128,3,2
129,3,4
130,3,5
131,3,3
132,3,4
133,3,4
134,3,2
135,3,4
136,3,3
137,3,3
138,3,4
139,3,2
140,3,3
141,3,2
142,3,2
143,3,4
144,3,4
145,3,4
146,3,3
147,3,4
148,3,2
149,3,3
150,3,3
151,3,3
152,3,2
153,3,4
154,3,4
155,3,4
156,3,3
157,3,1
158,3,4
159,3,4
160,3,1
161,3,3
162,3,4
163,3,3
164,3,4
165,3,4
166,3,2
167,3,3
168,3,3
169,3,4
170,3,4
171,3,4
172,3,3
173,3,2
174,3,2
175,3,4
176,3,5
177,3,2
178,3,2
179,3,5
180,3,5
181,3,4
182,3,2
183,3,1
184,3,2
185,3,2
186,3,2
187,3,5
188,3,2
189,3,3
190,3,4
191,3,2
192,3,4
193,3,3
194,3,3
195,3,2
196,3,3
197,3,2
198,3,5
199,3,4
200,3,3
201,3,4
202,3,2
203,3,4
204,3,1
205,3,3
206,3,2
207,3,4
208,3,2
209,3,2
210,3,3
211,3,3
212,3,3
213,3,2
214,3,4
215,3,4
216,3,4
217,3,4
218,3,4
219,3,4
220,3,2
221,3,4
222,3,3
223,3,3
224,3,4
225,3,2
226,3,3
227,3,4
228,3,4
229,3,4
230,3,2
231,3,2
232,3,3
233,3,2
234,3,3
235,3,4
236,3,2
237,3,2
238,3,4
239,3,4
240,3,4
241,3,3
242,3,4
243,3,3
244,3,2
245,3,4
246,3,4
247,3,2
248,3,3
249,3,2
250,3,4
251,3,3
252,3,4
253,3,2
254,3,4
255,3,3
256,3,2
257,3,4
258,3,2
259,3,2
260,3,4
261,3,3
262,3,4
263,3,3
264,3,2
265,3,2
266,3,4
267,3,2
268,3,3
269,3,3
270,3,4
271,3,4
272,3,3
273,3,2
274,3,3
275,3,3
276,3,4
277,3,2
278,3,2
279,3,2
280,3,4
281,3,4
282,3,2
283,3,5
284,3,1
285,3,2
286,3,2
287,3,3
288,3,4
289,3,4
290,3,4
291,3,3
292,3,4
293,3,3
294,3,2
295,3,3
296,3,5
297,3,2
298,3,3
299,3,4
300,3,2
301,3,3
302,3,4
303,3,2
304,3,2
305,3,4
306,3,2
307,3,4
308,3,2
309,3,3
310,3,5
311,3,3
312,3,4
313,3,2
314,3,3
315,3,4
316,3,4
317,3,4
318,3,3
319,3,5
320,3,2
321,3,2
322,3,2
323,3,2
324,3,3
325,3,2
326,3,3
327,3,2
328,3,1
329,3,5
330,3,4
331,3,4
332,3,2
333,3,5
334,3,4
335,3,2
336,3,2
337,3,3
338,3,4
339,3,4
340,3,1
341,3,2
342,3,4
343,3,4
344,3,3
345,3,4
346,3,2
347,3,2
348,3,4
349,3,3
350,3,4
351,3,3
352,3,4
353,3,3
354,3,2
355,3,3
356,3,2
357,3,4
358,3,3
359,3,3
360,3,4
361,3,2
362,3,4
363,3,2
364,3,4
365,3,4
366,3,5
367,3,3
368,3,2
369,3,3
370,3,2
371,3,4
372,3,2
373,3,5
374,3,4
375,3,5
376,3,5
377,3,5
378,3,2
379,3,2
380,3,4
381,3,2
382,3,5
383,3,4
384,3,4
385,3,2
386,3,4
387,3,4
388,3,4
389,3,2
390,3,3
391,3,2
392,3,4
393,3,4
394,3,2
395,3,4
396,3,4
397,3,4
398,3,3
399,3,3
400,3,3
401,3,2
402,3,4
403,3,3
404,3,4
405,3,3
406,3,2
407,3,4
408,3,4
409,3,4
410,3,4
411,3,4
412,3,3
413,3,3
414,3,2
415,3,2
416,3,2
417,3,2
418,3,1
419,3,4
420,3,2
421,3,2
422,3,5
423,3,1
424,3,4
425,3,2
426,3,4
427,3,4
428,3,1
429,3,4
430,3,4
431,3,5
432,3,2
433,3,3
434,3,4
435,3,2
436,3,2
437,3,4
438,3,4
439,3,2
440,3,2
441,3,4
442,3,3
443,3,3
444,3,2
445,3,5
446,3,2
447,3,2
448,3,3
449,3,3
450,3,2
451,3,2
452,3,4
453,3,4
454,3,2
455,3,3
456,3,3
457,3,2
458,3,2
459,3,2
460,3,2
461,3,2
462,3,2
463,3,2
464,3,4
465,3,3
466,3,4
467,3,3
468,3,1
469,3,2
470,3,4
471,3,4
472,3,4
473,3,4
474,3,3
475,3,3
476,3,4
477,3,3
478,3,4
479,3,4
480,3,2
481,3,4
482,3,4
483,3,2
484,3,2
485,3,2
486,3,3
487,3,2
488,3,1
489,3,3
490,3,2
491,3,4
492,3,2
493,3,3
494,3,4
495,3,2
496,3,3
497,3,1
498,3,2
499,3,4
500,3,4
501,3,2
502,3,4
503,3,3
504,3,4
505,3,2
506,3,4
1,4,3
2,4,1
3,4,2
4,4,2
5,4,2
6,4,2
7,4,2
8,4,2
9,4,2
10,4,3
11,4,4
12,4,3
13,4,3
14,4,2
15,4,3
16,4,3
17,4,3
18,4,2
19,4,2
20,4,4
21,4,2
22,4,4
23,4,4
24,4,3
25,4,2
26,4,4
27,4,3
28,4,3
29,4,4
30,4,4
31,4,3
32,4,3
33,4,3
34,4,4
35,4,4
36,4,2
37,4,3
38,4,4
39,4,3
40,4,3
41,4,4
42,4,4
43,4,3
44,4,3
45,4,3
46,4,2
47,4,3
48,4,1
49,4,2
50,4,2
51,4,3
52,4,3
53,4,2
54,4,5
55,4,3
56,4,4
57,4,3
58,4,4
59,4,3
60,4,2
61,4,2
62,4,2
63,4,4
64,4,3
65,4,5
66,4,3
67,4,3
68,4,3
69,4,3
70,4,3
71,4,2
72,4,1
73,4,3
74,4,2
75,4,3
76,4,2
77,4,2
78,4,4
79,4,3
80,4,3
81,4,4
82,4,4
83,4,2
84,4,4
85,4,3
86,4,3
87,4,4
88,4,2
89,4,3
90,4,4
91,4,3
92,4,3
93,4,3
94,4,3
95,4,1
96,4,2
97,4,3
98,4,3
99,4,4
100,4,3
101,4,3
102,4,4
103,4,2
104,4,3
105,4,3
106,4,2
107,4,2
108,4,3
109,4,3
110,4,3
111,4,4
112,4,4
113,4,4
114,4,5
115,4,1
116,4,2
117,4,3
118,4,2
119,4,4
120,4,2
121,4,3
122,4,2
123,4,1
124,4,3
125,4,4
126,4,4
127,4,4
128,4,4
129,4,4
130,4,4
131,4,3
132,4,5
133,4,4
134,4,3
135,4,4
136,4,2
137,4,3
138,4,5
139,4,4
140,4,4
141,4,3
142,4,4
143,4,4
144,4,4
145,4,4
146,4,3
147,4,2
148,4,4
149,4,2
150,4,4
151,4,3
152,4,2
153,4,3
154,4,3
155,4,2
156,4,1
157,4,3
158,4,3
159,4,3
160,4,3
161,4,3
162,4,2
163,4,5
164,4,2
165,4,4
166,4,2
167,4,2
168,4,3
169,4,2
170,4,2
171,4,2
172,4,3
173,4,4
174,4,4
175,4,3
176,4,4
177,4,3
178,4,3
179,4,3
180,4,3
181,4,4
182,4,3
183,4,2
184,4,3
185,4,4
186,4,3
187,4,2
188,4,3
189,4,4
190,4,3
191,4,4
192,4,3
193,4,3
194,4,3
195,4,3
196,4,2
197,4,3
198,4,2
199,4,3
200,4,4
201,4,3
202,4,3
203,4,5
204,4,3
205,4,3
206,4,3
207,4,2
208,4,3
209,4,1
210,4,4
211,4,3
212,4,3
213,4,3
214,4,4
215,4,4
216,4,1
217,4,3
218,4,4
219,4,4
220,4,4
221,4,2
222,4,3
223,4,4
224,4,3
225,4,4
226,4,4
227,4,3
228,4,2
229,4,2
230,4,4
231,4,2
232,4,3
233,4,2
234,4,2
235,4,3
236,4,2
237,4,2
238,4,2
239,4,4
240,4,3
241,4,2
242,4,3
243,4,3
244,4,3
245,4,3
246,4,4
247,4,4
248,4,2
249,4,3
250,4,4
251,4,3
252,4,3
253,4,2
254,4,2
255,4,4
256,4,4
257,4,4
258,4,3
259,4,4
260,4,4
261,4,3
262,4,4
263,4,4
264,4,2
265,4,3
266,4,3
267,4,2
268,4,3
269,4,4
270,4,3
271,4,3
272,4,2
273,4,3
274,4,4
275,4,4
276,4,1
277,4,3
278,4,3
279,4,2
280,4,2
281,4,2
282,4,2
283,4,3
284,4,3
285,4,3
286,4,3
287,4,3
288,4,3
289,4,2
290,4,4
291,4,4
292,4,3
293,4,2
294,4,5
295,4,2
296,4,2
297,4,4
298,4,3
299,4,4
300,4,4
301,4,3
302,4,3
303,4,3
304,4,3
305,4,1
306,4,5
307,4,2
308,4,2
309,4,4
310,4,4
311,4,3
312,4,3
313,4,4
314,4,3
315,4,4
316,4,5
317,4,2
318,4,4
319,4,3
320,4,3
321,4,2
322,4,3
323,4,2
324,4,2
325,4,2
326,4,3
327,4,1
328,4,3
329,4,2
330,4,3
331,4,3
332,4,5
333,4,3
334,4,3
335,4,3
336,4,4
337,4,4
338,4,4
339,4,3
340,4,4
341,4,4
342,4,5
343,4,3
344,4,4
345,4,4
346,4,4
347,4,3
348,4,2
349,4,3
350,4,2
351,4,2
352,4,3
353,4,4
354,4,3
355,4,3
356,4,3
357,4,3
358,4,4
359,4,3
360,4,3
361,4,3
362,4,3
363,4,2
364,4,4
365,4,2
366,4,3
367,4,2
368,4,4
369,4,3
370,4,5
371,4,2
372,4,3
373,4,4
374,4,4
375,4,3
376,4,2
377,4,3
378,4,3
379,4,4
380,4,2
381,4,2
382,4,4
383,4,3
384,4,4
385,4,2
386,4,2
387,4,2
388,4,3
389,4,3
390,4,4
391,4,2
392,4,4
393,4,3
394,4,2
395,4,3
396,4,3
397,4,4
398,4,4
399,4,3
400,4,2
401,4,5
402,4,4
403,4,3
404,4,4
405,4,3
406,4,4
407,4,3
408,4,5
409,4,4
410,4,4
411,4,4
412,4,4
413,4,4
414,4,3
415,4,4
416,4,2
417,4,3
418,4,4
419,4,3
420,4,2
421,4,3
422,4,3
423,4,2
424,4,4
425,4,4
426,4,4
427,4,2
428,4,3
429,4,1
430,4,4
431,4,2
432,4,3
433,4,4
434,4,4
435,4,3
436,4,4
437,4,3
438,4,3
439,4,2
440,4,3
441,4,4
442,4,4
443,4,2
444,4,1
445,4,3
446,4,3
447,4,2
448,4,2
449,4,2
450,4,2
451,4,5
452,4,3
453,4,2
454,4,4
455,4,4
456,4,2
457,4,3
458,4,3
459,4,3
460,4,1
461,4,3
462,4,3
463,4,1
464,4,2
465,4,3
466,4,2
467,4,4
468,4,3
469,4,4
470,4,2
471,4,3
472,4,4
473,4,4
474,4,2
475,4,4
476,4,4
477,4,3
478,4,2
479,4,4
480,4,2
481,4,3
482,4,1
483,4,4
484,4,4
485,4,2
486,4,4
487,4,2
488,4,3
489,4,3
490,4,1
491,4,3
492,4,4
493,4,3
494,4,3
495,4,4
496,4,4
497,4,2
498,4,3
499,4,3
500,4,2
501,4,3
502,4,3
503,4,3
504,4,3
505,4,2
506,4,3
1,5,3
2,5,1
3,5,3
4,5,3
5,5,2
6,5,2
7,5,3
8,5,2
9,5,2
10,5,2
11,5,2
12,5,3
13,5,4
14,5,4
15,5,2
16,5,3
17,5,4
18,5,3
19,5,4
20,5,4
21,5,3
22,5,4
23,5,2
24,5,2
25,5,3
26,5,2
27,5,3
28,5,3
29,5,3
30,5,4
31,5,3
32,5,4
33,5,5
34,5,4
35,5,2
36,5,1
37,5,5
38,5,4
39,5,3
40,5,4
41,5,2
42,5,2
43,5,2
44,5,4
45,5,2
46,5,2
47,5,2
48,5,4
49,5,3
50,5,3
51,5,2
52,5,2
53,5,2
54,5,2
55,5,1
56,5,3
57,5,2
58,5,2
59,5,4
60,5,2
61,5,4
62,5,2
63,5,2
64,5,4
65,5,4
66,5,4
67,5,4
68,5,4
69,5,2
70,5,2
71,5,3
72,5,2
73,5,2
74,5,2
75,5,4
76,5,3
77,5,2
78,5,3
79,5,4
80,5,3
81,5,4
82,5,4
83,5,3
84,5,4
85,5,2
86,5,2
87,5,3
88,5,5
89,5,2
90,5,2
91,5,4
92,5,2
93,5,2
94,5,4
95,5,4
96,5,4
97,5,2
98,5,2
99,5,2
100,5,4
101,5,2
102,5,2
103,5,4
104,5,4
105,5,2
106,5,2
107,5,3
108,5,1
109,5,4
110,5,4
111,5,3
112,5,2
113,5,4
114,5,4
115,5,4
116,5,4
117,5,5
118,5,3
119,5,4
120,5,2
121,5,2
122,5,3
123,5,4
124,5,3
125,5,4
126,5,3
127,5,3
128,5,4
129,5,4
130,5,2
131,5,4
132,5,2
133,5,1
134,5,2
135,5,4
136,5,2
137,5,4
138,5,4
139,5,4
140,5,2
141,5,2
142,5,2
143,5,2
144,5,5
145,5,2
146,5,2
147,5,2
148,5,2
149,5,2
150,5,3
151,5,2
152,5,2
153,5,4
154,5,2
155,5,2
156,5,4
157,5,2
158,5,3
159,5,5
160,5,4
161,5,3
162,5,2
163,5,4
164,5,1
165,5,2
166,5,4
167,5,3
168,5,3
169,5,2
170,5,2
171,5,1
172,5,4
173,5,3
174,5,3
175,5,4
176,5,4
177,5,2
178,5,4
179,5,4
180,5,2
181,5,2
182,5,4
183,5,2
184,5,3
185,5,3
186,5,2
187,5,4
188,5,2
189,5,2
190,5,4
191,5,2
192,5,5
193,5,4
194,5,2
195,5,4
196,5,4
197,5,2
198,5,4
199,5,2
200,5,2
201,5,4
202,5,3
203,5,4
204,5,2
205,5,4
206,5,2
207,5,3
208,5,4
209,5,3
210,5,4
211,5,2
212,5,4
213,5,2
214,5,2
215,5,2
216,5,4
217,5,2
218,5,4
219,5,3
220,5,4
221,5,3
222,5,4
223,5,4
224,5,4
225,5,3
226,5,2
227,5,3
228,5,2
229,5,4
230,5,4
231,5,2
232,5,2
233,5,4
234,5,5
235,5,4
236,5,2
237,5,4
238,5,4
239,5,2
240,5,4
241,5,3
242,5,4
243,5,5
244,5,5
245,5,2
246,5,2
247,5,2
248,5,2
249,5,2
250,5,4
251,5,2
252,5,2
253,5,2
254,5,3
255,5,2
256,5,2
257,5,4
258,5,2
259,5,5
260,5,2
261,5,4
262,5,2
263,5,2
264,5,4
265,5,2
266,5,3
267,5,4
268,5,4
269,5,4
270,5,2
271,5,4
272,5,4
273,5,2
274,5,2
275,5,1
276,5,4
277,5,3
278,5,2
279,5,2
280,5,2
281,5,2
282,5,4
283,5,2
284,5,2
285,5,4
286,5,1
287,5,4
288,5,1
289,5,3
290,5,3
291,5,4
292,5,4
293,5,2
294,5,4
295,5,3
296,5,4
297,5,4
298,5,2
299,5,2
300,5,3
301,5,2
302,5,4
303,5,4
304,5,2
305,5,1
306,5,4
307,5,2
308,5,2
309,5,2
310,5,1
311,5,2
312,5,3
313,5,3
314,5,2
315,5,4
316,5,3
317,5,2
318,5,2
319,5,3
320,5,4
321,5,2
322,5,4
323,5,2
324,5,1
325,5,2
326,5,4
327,5,2
328,5,2
329,5,2
330,5,5
331,5,4
332,5,4
333,5,2
334,5,5
335,5,1
336,5,4
337,5,4
338,5,3
339,5,3
340,5,2
341,5,4
342,5,2
343,5,2
344,5,5
345,5,2
346,5,3
347,5,3
348,5,2
349,5,1
350,5,4
351,5,2
352,5,2
353,5,3
354,5,2
355,5,4
356,5,4
357,5,2
358,5,3
359,5,4
360,5,2
361,5,2
362,5,5
363,5,2
364,5,4
365,5,5
366,5,2
367,5,3
368,5,1
369,5,4
370,5,4
371,5,2
372,5,3
373,5,2
374,5,2
375,5,3
376,5,5
377,5,3
378,5,4
379,5,2
380,5,4
381,5,2
382,5,2
383,5,5
384,5,2
385,5,2
386,5,2
387,5,4
388,5,2
389,5,5
390,5,2
391,5,3
392,5,3
393,5,4
394,5,3
395,5,4
396,5,4
397,5,2
398,5,2
399,5,3
400,5,2
401,5,2
402,5,3
403,5,2
404,5,3
405,5,3
406,5,4
407,5,3
408,5,4
409,5,2
410,5,4
411,5,3
412,5,2
413,5,5
414,5,4
415,5,2
416,5,2
417,5,4
418,5,2
419,5,3
420,5,3
421,5,2
422,5,3
423,5,3
424,5,2
425,5,4
426,5,4
427,5,4
428,5,3
429,5,3
430,5,2
431,5,2
432,5,4
433,5,4
434,5,2
435,5,1
436,5,3
437,5,3
438,5,3
439,5,4
440,5,4
441,5,3
442,5,3
443,5,3
444,5,3
445,5,4
446,5,4
447,5,4
448,5,4
449,5,3
450,5,4
451,5,3
452,5,4
453,5,4
454,5,1
455,5,2
456,5,4
457,5,4
458,5,4
459,5,2
460,5,4
461,5,2
462,5,2
463,5,3
464,5,2
465,5,4
466,5,4
467,5,4
468,5,1
469,5,2
470,5,4
471,5,2
472,5,2
473,5,3
474,5,4
475,5,2
476,5,2
477,5,4
478,5,4
479,5,4
480,5,4
481,5,2
482,5,4
483,5,3
484,5,4
485,5,3
486,5,2
487,5,3
488,5,2
489,5,3
490,5,2
491,5,4
492,5,2
493,5,2
494,5,4
495,5,4
496,5,2
497,5,4
498,5,3
499,5,2
500,5,2
501,5,2
502,5,3
503,5,5
504,5,4
505,5,3
506,5,3
1,6,2
2,6,1
3,6,2
4,6,2
5,6,4
6,6,2
7,6,2
8,6,4
9,6,2
10,6,2
11,6,4
12,6,4
13,6,4
14,6,4
15,6,4
16,6,4
17,6,2
18,6,4
19,6,4
20,6,4
21,6,2
22,6,4
23,6,2
24,6,1
25,6,4
26,6,4
27,6,4
28,6,2
29,6,1
30,6,2
31,6,4
32,6,4
33,6,4
34,6,4
35,6,2
36,6,4
37,6,2
38,6,2
39,6,3
40,6,2
41,6,3
42,6,3
43,6,2
44,6,4
45,6,3
46,6,3
47,6,1
48,6,2
49,6,4
50,6,2
51,6,4
52,6,2
53,6,2
54,6,2
55,6,2
56,6,4
57,6,2
58,6,4
59,6,3
60,6,4
61,6,3
62,6,5
63,6,3
64,6,5
65,6,3
66,6,4
67,6,2
68,6,3
69,6,4
70,6,4
71,6,2
72,6,2
73,6,4
74,6,2
75,6,3
76,6,3
77,6,3
78,6,1
79,6,3
80,6,4
81,6,2
82,6,4
83,6,3
84,6,2
85,6,4
86,6,5
87,6,2
88,6,2
89,6,2
90,6,3
91,6,2
92,6,4
93,6,2
94,6,2
95,6,2
96,6,3
97,6,2
98,6,3
99,6,2
100,6,4
101,6,2
102,6,3
103,6,2
104,6,4
105,6,3
106,6,4
107,6,3
108,6,2
109,6,2
110,6,4
111,6,2
112,6,4
113,6,3
114,6,4
115,6,4
116,6,4
117,6,4
118,6,2
119,6,1
120,6,4
121,6,2
122,6,2
123,6,2
124,6,2
125,6,4
126,6,3
127,6,4
128,6,4
129,6,1
130,6,4
131,6,4
132,6,3
133,6,2
134,6,2
135,6,1
136,6,3
137,6,1
138,6,2
139,6,2
140,6,3
141,6,2
142,6,2
143,6,2
144,6,4
145,6,2
146,6,1
147,6,4
148,6,2
149,6,2
150,6,4
151,6,4
152,6,4
153,6,3
154,6,2
155,6,2
156,6,2
157,6,4
158,6,2
159,6,4
160,6,2
161,6,2
162,6,2
163,6,2
164,6,4
165,6,3
166,6,4
167,6,4
168,6,3
169,6,4
170,6,4
171,6,2
172,6,3
173,6,4
174,6,2
175,6,2
176,6,3
177,6,4
178,6,2
179,6,2
180,6,5
181,6,2
182,6,4
183,6,4
184,6,2
185,6,2
186,6,3
187,6,4
188,6,3
189,6,3
190,6,4
191,6,4
192,6,3
193,6,4
194,6,3
195,6,4
196,6,2
197,6,4
198,6,4
199,6,4
200,6,2
201,6,4
202,6,3
203,6,2
204,6,4
205,6,3
206,6,3
207,6,2
208,6,4
209,6,3
210,6,3
211,6,2
212,6,2
213,6,3
214,6,2
215,6,2
216,6,2
217,6,4
218,6,2
219,6,2
220,6,2
221,6,4
222,6,1
223,6,4
224,6,2
225,6,3
226,6,2
227,6,4
228,6,2
229,6,3
230,6,4
231,6,4
232,6,4
233,6,2
234,6,1
235,6,3
236,6,4
237,6,4
238,6,4
239,6,3
240,6,3
241,6,3
242,6,2
243,6,4
244,6,4
245,6,3
246,6,2
247,6,1
248,6,3
249,6,2
250,6,2
251,6,2
252,6,2
253,6,1
254,6,4
255,6,3
256,6,4
257,6,2
258,6,4
259,6,2
260,6,4
261,6,2
262,6,4
263,6,4
264,6,2
265,6,4
266,6,2
267,6,4
268,6,4
269,6,5
270,6,3
271,6,3
272,6,4
273,6,3
274,6,2
275,6,4
276,6,5
277,6,3
278,6,5
279,6,3
280,6,4
281,6,2
282,6,2
283,6,4
284,6,2
285,6,2
286,6,2
287,6,3
288,6,2
289,6,4
290,6,2
291,6,2
292,6,3
293,6,4
294,6,2
295,6,4
296,6,3
297,6,4
298,6,3
299,6,4
300,6,2
301,6,4
302,6,2
303,6,2
304,6,2
305,6,4
306,6,5
307,6,4
308,6,4
309,6,2
310,6,3
311,6,2
312,6,2
313,6,3
314,6,4
315,6,2
316,6,2
317,6,2
318,6,2
319,6,2
320,6,4
321,6,3
322,6,4
323,6,2
324,6,2
325,6,2
326,6,2
327,6,4
328,6,4
329,6,2
330,6,4
331,6,4
332,6,5
333,6,2
334,6,2
335,6,4
336,6,2
337,6,3
338,6,2
339,6,4
340,6,2
341,6,2
342,6,2
343,6,2
344,6,3
345,6,2
346,6,2
347,6,4
348,6,2
349,6,2
350,6,2
351,6,4
352,6,1
353,6,4
354,6,3
355,6,2
356,6,3
357,6,2
358,6,4
359,6,3
360,6,4
361,6,2
362,6,3
363,6,3
364,6,3
365,6,2
366,6,2
367,6,3
368,6,2
369,6,2
370,6,4
371,6,2
372,6,2
373,6,4
374,6,2
375,6,4
376,6,2
377,6,2
378,6,4
379,6,4
380,6,2
381,6,2
382,6,2
383,6,2
384,6,2
385,6,2
386,6,3
387,6,1
388,6,3
389,6,4
390,6,4
391,6,3
392,6,2
393,6,3
394,6,3
395,6,2
396,6,1
397,6,4
398,6,2
399,6,2
400,6,3
401,6,5
402,6,4
403,6,4
404,6,4
405,6,2
406,6,2
407,6,2
408,6,2
409,6,2
410,6,4
411,6,4
412,6,2
413,6,4
414,6,2
415,6,4
416,6,3
417,6,4
418,6,3
419,6,4
420,6,3
421,6,3
422,6,3
423,6,3
424,6,2
425,6,2
426,6,2
427,6,4
428,6,3
429,6,5
430,6,2
431,6,4
432,6,4
433,6,4
434,6,4
435,6,4
436,6,2
437,6,2
438,6,4
439,6,3
440,6,4
441,6,2
442,6,4
443,6,4
444,6,1
445,6,4
446,6,2
447,6,4
448,6,2
449,6,4
450,6,4
451,6,4
452,6,2
453,6,2
454,6,5
455,6,4
456,6,2
457,6,3
458,6,4
459,6,2
460,6,2
461,6,2
462,6,3
463,6,3
464,6,3
465,6,1
466,6,2
467,6,3
468,6,2
469,6,4
470,6,2
471,6,4
472,6,4
473,6,2
474,6,2
475,6,4
476,6,4
477,6,4
478,6,3
479,6,2
480,6,2
481,6,4
482,6,2
483,6,2
484,6,4
485,6,2
486,6,4
487,6,2
488,6,2
489,6,3
490,6,2
491,6,2
492,6,3
493,6,4
494,6,2
495,6,2
496,6,4
497,6,2
498,6,4
499,6,3
500,6,2
501,6,4
502,6,3
503,6,2
504,6,3
505,6,2
506,6,1
1,7,5
2,7,1
3,7,3
4,7,3
5,7,3
6,7,2
7,7,3
8,7,3
9,7,2
10,7,3
11,7,2
12,7,5
13,7,2
14,7,4
15,7,1
16,7,3
17,7,5
18,7,3
19,7,3
20,7,1
21,7,3
22,7,1
23,7,5
24,7,3
25,7,5
26,7,1
27,7,1
28,7,5
29,7,5
30,7,5
31,7,3
32,7,3
33,7,5
34,7,3
35,7,5
36,7,1
37,7,3
38,7,2
39,7,4
40,7,1
41,7,5
42,7,2
43,7,4
44,7,4
45,7,1
46,7,3
47,7,5
48,7,4
49,7,5
50,7,1
51,7,2
52,7,1
53,7,3
54,7,2
55,7,1
56,7,4
57,7,4
58,7,5
59,7,4
60,7,4
61,7,1
62,7,5
63,7,2
64,7,1
65,7,4
66,7,1
67,7,4
68,7,5
69,7,1
70,7,1
71,7,4
72,7,5
73,7,5
74,7,3
75,7,3
76,7,5
77,7,5
78,7,2
79,7,2
80,7,4
81,7,2
82,7,5
83,7,5
84,7,4
85,7,2
86,7,5
87,7,3
88,7,2
89,7,1
90,7,5
91,7,1
92,7,5
93,7,5
94,7,1
95,7,1
96,7,1
97,7,1
98,7,5
99,7,4
100,7,3
101,7,3
102,7,5
103,7,3
104,7,1
105,7,5
106,7,2
107,7,3
108,7,4
109,7,5
110,7,2
111,7,4
112,7,2
113,7,3
114,7,5
115,7,1
116,7,2
117,7,1
118,7,2
119,7,4
120,7,5
121,7,4
122,7,1
123,7,2
124,7,3
125,7,3
126,7,3
127,7,5
128,7,2
129,7,3
130,7,2
131,7,1
132,7,5
133,7,1
134,7,3
135,7,2
136,7,3
137,7,2
138,7,3
139,7,3
140,7,1
141,7,4
142,7,2
143,7,2
144,7,2
145,7,3
146,7,2
147,7,1
148,7,1
149,7,1
150,7,1
151,7,3
152,7,4
153,7,3
154,7,3
155,7,3
156,7,5
157,7,1
158,7,1
159,7,3
160,7,4
161,7,3
162,7,4
163,7,3
164,7,5
165,7,4
166,7,5
167,7,4
168,7,1
169,7,2
170,7,1
171,7,4
172,7,4
173,7,2
174,7,1
175,7,5
176,7,1
177,7,4
178,7,5
179,7,1
180,7,3
181,7,4
182,7,5
183,7,2
184,7,3
185,7,5
186,7,1
187,7,1
188,7,4
189,7,4
190,7,5
191,7,4
192,7,3
193,7,2
194,7,5
195,7,3
196,7,4
197,7,2
198,7,2
199,7,5
200,7,2
201,7,4
202,7,5
203,7,3
204,7,3
205,7,3
206,7,3
207,7,1
208,7,4
209,7,5
210,7,4
211,7,3
212,7,2
213,7,4
214,7,3
215,7,5
216,7,1
217,7,1
218,7,2
219,7,2
220,7,3
221,7,2
222,7,5
223,7,1
224,7,1
225,7,3
226,7,1
227,7,1
228,7,2
229,7,2
230,7,4
231,7,1
232,7,3
233,7,3
234,7,5
235,7,1
236,7,3
237,7,4
238,7,5
239,7,1
240,7,4
241,7,4
242,7,1
243,7,1
244,7,5
245,7,1
246,7,5
247,7,5
248,7,5
249,7,5
250,7,3
251,7,4
252,7,3
253,7,3
254,7,3
255,7,4
256,7,3
257,7,2
258,7,4
259,7,1
260,7,3
261,7,4
262,7,2
263,7,2
264,7,1
265,7,4
266,7,5
267,7,2
268,7,2
269,7,3
270,7,4
271,7,2
272,7,2
273,7,5
274,7,5
275,7,4
276,7,1
277,7,3
278,7,4
279,7,1
280,7,3
281,7,5
282,7,5
283,7,3
284,7,2
285,7,1
286,7,5
287,7,4
288,7,2
289,7,4
290,7,4
291,7,3
292,7,3
293,7,5
294,7,1
295,7,2
296,7,5
297,7,2
298,7,5
299,7,4
300,7,1
301,7,1
302,7,4
303,7,2
304,7,1
305,7,4
306,7,3
307,7,3
308,7,1
309,7,1
310,7,4
311,7,2
312,7,3
313,7,3
314,7,3
315,7,4
316,7,5
317,7,2
318,7,2
319,7,1
320,7,2
321,7,5
322,7,5
323,7,1
324,7,5
325,7,1
326,7,2
327,7,3
328,7,2
329,7,4
330,7,4
331,7,2
332,7,2
333,7,2
334,7,2
335,7,2
336,7,4
337,7,1
338,7,4
339,7,4
340,7,3
341,7,2
342,7,1
343,7,4
344,7,4
345,7,4
346,7,4
347,7,4
348,7,3
349,7,4
350,7,2
351,7,5
352,7,2
353,7,3
354,7,3
355,7,1
356,7,5
357,7,2
358,7,3
359,7,2
360,7,3
361,7,2
362,7,4
363,7,1
364,7,2
365,7,3
366,7,2
367,7,3
368,7,2
369,7,2
370,7,1
371,7,4
372,7,1
373,7,3
374,7,5
375,7,5
376,7,3
377,7,1
378,7,1
379,7,5
380,7,4
381,7,3
382,7,3
383,7,5
384,7,3
385,7,5
386,7,1
387,7,4
388,7,5
389,7,3
390,7,2
391,7,1
392,7,2
393,7,4
394,7,4
395,7,3
396,7,5
397,7,4
398,7,3
399,7,3
400,7,2
401,7,2
402,7,1
403,7,5
404,7,3
405,7,3
406,7,5
407,7,5
408,7,5
409,7,2
410,7,1
411,7,5
412,7,2
413,7,4
414,7,2
415,7,4
416,7,3
417,7,4
418,7,2
419,7,5
420,7,2
421,7,3
422,7,5
423,7,5
424,7,3
425,7,3
426,7,1
427,7,3
428,7,2
429,7,2
430,7,1
431,7,5
432,7,4
433,7,1
434,7,5
435,7,5
436,7,4
437,7,1
438,7,3
439,7,3
440,7,4
441,7,2
442,7,1
443,7,3
444,7,2
445,7,2
446,7,3
447,7,2
448,7,2
449,7,1
450,7,1
451,7,2
452,7,3
453,7,2
454,7,3
455,7,5
456,7,4
457,7,5
458,7,1
459,7,3
460,7,4
461,7,2
462,7,5
463,7,1
464,7,4
465,7,2
466,7,1
467,7,5
468,7,1
469,7,2
470,7,1
471,7,4
472,7,4
473,7,1
474,7,4
475,7,3
476,7,2
477,7,3
478,7,3
479,7,1
480,7,1
481,7,3
482,7,1
483,7,4
484,7,1
485,7,3
486,7,4
487,7,1
488,7,5
489,7,5
490,7,2
491,7,5
492,7,4
493,7,4
494,7,1
495,7,1
496,7,2
497,7,2
498,7,3
499,7,4
500,7,5
501,7,1
502,7,3
503,7,5
504,7,4
505,7,4
506,7,5
1,8,3
2,8,1
3,8,3
4,8,3
5,8,4
6,8,2
7,8,3
8,8,4
9,8,2
10,8,3
11,8,3
12,8,2
13,8,2
14,8,2
15,8,4
16,8,4
17,8,2
18,8,2
19,8,2
20,8,4
21,8,3
22,8,4
23,8,3
24,8,2
25,8,3
26,8,2
27,8,3
28,8,3
29,8,3
30,8,3
31,8,2
32,8,3
33,8,3
34,8,2
35,8,3
36,8,4
37,8,3
38,8,3
39,8,4
40,8,3
41,8,4
42,8,4
43,8,3
44,8,3
45,8,3
46,8,4
47,8,2
48,8,3
49,8,3
50,8,4
51,8,4
52,8,2
53,8,3
54,8,3
55,8,4
56,8,2
57,8,2
58,8,3
59,8,4
60,8,2
61,8,3
62,8,2
63,8,3
64,8,3
65,8,4
66,8,4
67,8,2
68,8,3
69,8,4
70,8,3
71,8,3
72,8,2
73,8,2
74,8,3
75,8,2
76,8,3
77,8,3
78,8,4
79,8,4
80,8,2
81,8,2
82,8,4
83,8,3
84,8,3
85,8,3
86,8,2
87,8,4
88,8,2
89,8,3
90,8,4
91,8,3
92,8,2
93,8,2
94,8,3
95,8,3
96,8,4
97,8,3
98,8,4
99,8,4
100,8,4
101,8,2
102,8,2
103,8,3
104,8,2
105,8,3
106,8,3
107,8,3
108,8,2
109,8,2
110,8,2
111,8,4
112,8,3
113,8,3
114,8,3
115,8,3
116,8,2
117,8,3
118,8,3
119,8,3
120,8,3
121,8,4
122,8,4
123,8,4
124,8,4
125,8,2
126,8,3
127,8,3
128,8,4
129,8,3
130,8,3
131,8,4
132,8,3
133,8,2
134,8,2
135,8,3
136,8,3
137,8,3
138,8,3
139,8,2
140,8,4
141,8,2
142,8,2
143,8,2
144,8,4
145,8,3
146,8,3
147,8,4
148,8,3
149,8,3
150,8,2
151,8,4
152,8,4
153,8,2
154,8,2
155,8,3
156,8,3
157,8,3
158,8,3
159,8,3
160,8,3
161,8,3
162,8,1
163,8,3
164,8,3
165,8,3
166,8,3
167,8,3
168,8,3
169,8,3
170,8,2
171,8,4
172,8,4
173,8,3
174,8,3
175,8,3
176,8,4
177,8,3
178,8,3
179,8,4
180,8,3
181,8,4
182,8,4
183,8,2
184,8,3
185,8,3
186,8,4
187,8,5
188,8,2
189,8,4
190,8,3
191,8,3
192,8,4
193,8,4
194,8,4
195,8,3
196,8,3
197,8,3
198,8,2
199,8,2
200,8,3
201,8,2
202,8,4
203,8,3
204,8,4
205,8,3
206,8,3
207,8,3
208,8,4
209,8,3
210,8,4
211,8,4
212,8,2
213,8,3
214,8,4
215,8,2
216,8,3
217,8,4
218,8,2
219,8,3
220,8,3
221,8,4
222,8,3
223,8,3
224,8,4
225,8,4
226,8,4
227,8,2
228,8,4
229,8,3
230,8,3
231,8,3
232,8,2
233,8,3
234,8,3
235,8,3
236,8,2
237,8,4
238,8,3
239,8,4
240,8,3
241,8,3
242,8,3
243,8,4
244,8,3
245,8,4
246,8,2
247,8,3
248,8,2
249,8,2
250,8,3
251,8,3
252,8,4
253,8,4
254,8,3
255,8,3
256,8,3
257,8,3
258,8,2
259,8,3
260,8,3
261,8,3
262,8,3
263,8,3
264,8,3
265,8,2
266,8,4
267,8,3
268,8,3
269,8,4
270,8,3
271,8,4
272,8,4
273,8,2
274,8,3
275,8,4
276,8,4
277,8,2
278,8,3
279,8,3
280,8,4
281,8,3
282,8,3
283,8,3
284,8,3
285,8,2
286,8,3
287,8,3
288,8,3
289,8,3
290,8,4
291,8,3
292,8,2
293,8,3
294,8,4
295,8,3
296,8,3
297,8,3
298,8,3
299,8,4
300,8,3
301,8,2
302,8,3
303,8,4
304,8,3
305,8,2
306,8,4
307,8,3
308,8,3
309,8,3
310,8,2
311,8,3
312,8,3
313,8,2
314,8,2
315,8,3
316,8,2
317,8,2
318,8,3
319,8,3
320,8,3
321,8,3
322,8,2
323,8,3
324,8,2
325,8,3
326,8,4
327,8,3
328,8,2
329,8,3
330,8,3
331,8,3
332,8,3
333,8,3
334,8,2
335,8,3
336,8,2
337,8,3
338,8,3
339,8,2
340,8,4
341,8,3
342,8,2
343,8,3
344,8,3
345,8,3
346,8,2
347,8,3
348,8,2
349,8,4
350,8,2
351,8,4
352,8,3
353,8,3
354,8,4
355,8,3
356,8,4
357,8,3
358,8,3
359,8,4
360,8,2
361,8,3
362,8,3
363,8,3
364,8,3
365,8,3
366,8,2
367,8,4
368,8,3
369,8,3
370,8,2
371,8,3
372,8,3
373,8,4
374,8,4
375,8,4
376,8,3
377,8,3
378,8,3
379,8,3
380,8,4
381,8,3
382,8,2
383,8,3
384,8,3
385,8,3
386,8,4
387,8,3
388,8,3
389,8,2
390,8,4
391,8,3
392,8,2
393,8,2
394,8,3
395,8,4
396,8,2
397,8,4
398,8,3
399,8,2
400,8,3
401,8,3
402,8,4
403,8,4
404,8,4
405,8,2
406,8,3
407,8,3
408,8,4
409,8,4
410,8,2
411,8,3
412,8,4
413,8,3
414,8,2
415,8,3
416,8,2
417,8,3
418,8,2
419,8,4
420,8,4
421,8,2
422,8,4
423,8,4
424,8,4
425,8,3
426,8,3
427,8,3
428,8,3
429,8,3
430,8,4
431,8,2
432,8,3
433,8,3
434,8,4
435,8,2
436,8,4
437,8,3
438,8,3
439,8,3
440,8,4
441,8,3
442,8,3
443,8,2
444,8,3
445,8,4
446,8,4
447,8,2
448,8,2
449,8,4
450,8,2
451,8,3
452,8,3
453,8,3
454,8,4
455,8,2
456,8,4
457,8,3
458,8,3
459,8,2
460,8,3
461,8,3
462,8,4
463,8,3
464,8,4
465,8,3
466,8,3
467,8,2
468,8,4
469,8,3
470,8,2
471,8,3
472,8,4
473,8,3
474,8,3
475,8,3
476,8,3
477,8,2
478,8,3
479,8,3
480,8,4
481,8,3
482,8,3
483,8,2
484,8,3
485,8,3
486,8,4
487,8,3
488,8,3
489,8,2
490,8,2
491,8,3
492,8,3
493,8,3
494,8,4
495,8,2
496,8,3
497,8,2
498,8,3
499,8,3
500,8,2
501,8,3
502,8,4
503,8,2
504,8,4
505,8,2
506,8,2
1,9,4
2,9,1
3,9,2
4,9,2
5,9,4
6,9,3
7,9,2
8,9,4
9,9,3
10,9,4
11,9,5
12,9,3
13,9,4
14,9,3
15,9,4
16,9,2
17,9,2
18,9,4
19,9,2
20,9,2
21,9,3
22,9,4
23,9,2
24,9,4
25,9,2
26,9,4
27,9,4
28,9,4
29,9,3
30,9,4
31,9,2
32,9,2
33,9,4
34,9,5
35,9,1
36,9,3
37,9,2
38,9,4
39,9,4
40,9,4
41,9,2
42,9,2
43,9,2
44,9,4
45,9,4
46,9,1
47,9,3
48,9,2
49,9,2
50,9,3
51,9,4
52,9,4
53,9,4
54,9,2
55,9,1
56,9,4
57,9,2
58,9,4
59,9,2
60,9,2
61,9,3
62,9,2
63,9,3
64,9,2
65,9,2
66,9,2
67,9,3
68,9,3
69,9,2
70,9,1
71,9,4
72,9,3
73,9,4
74,9,2
75,9,2
76,9,4
77,9,5
78,9,2
79,9,4
80,9,3
81,9,2
82,9,4
83,9,2
84,9,5
85,9,3
86,9,3
87,9,4
88,9,2
89,9,1
90,9,4
91,9,2
92,9,4
93,9,3
94,9,3
95,9,3
96,9,4
97,9,1
98,9,3
99,9,3
100,9,2
101,9,4
102,9,2
103,9,2
104,9,3
105,9,2
106,9,2
107,9,2
108,9,2
109,9,2
110,9,2
111,9,3
112,9,2
113,9,2
114,9,2
115,9,4
116,9,4
117,9,5
118,9,3
119,9,2
120,9,3
121,9,1
122,9,5
123,9,4
124,9,2
125,9,4
126,9,2
127,9,2
128,9,2
129,9,4
130,9,3
131,9,2
132,9,2
133,9,2
134,9,5
135,9,2
136,9,3
137,9,2
138,9,3
139,9,2
140,9,3
141,9,1
142,9,4
143,9,2
144,9,4
145,9,5
146,9,4
147,9,4
148,9,4
149,9,2
150,9,4
151,9,3
152,9,2
153,9,4
154,9,2
155,9,4
156,9,1
157,9,3
158,9,4
159,9,2
160,9,2
161,9,2
162,9,2
163,9,2
164,9,2
165,9,2
166,9,2
167,9,3
168,9,2
169,9,2
170,9,4
171,9,2
172,9,2
173,9,5
174,9,1
175,9,4
176,9,4
177,9,3
178,9,3
179,9,4
180,9,4
181,9,4
182,9,2
183,9,3
184,9,2
185,9,3
186,9,4
187,9,2
188,9,2
189,9,4
190,9,2
191,9,2
192,9,2
193,9,4
194,9,4
195,9,4
196,9,1
197,9,2
198,9,4
199,9,4
200,9,2
201,9,4
202,9,4
203,9,3
204,9,2
205,9,2
206,9,4
207,9,3
208,9,3
209,9,3
210,9,2
211,9,2
212,9,2
213,9,2
214,9,2
215,9,5
216,9,5
217,9,2
218,9,4
219,9,2
220,9,3
221,9,2
222,9,3
223,9,4
224,9,2
225,9,4
226,9,3
227,9,4
228,9,1
229,9,3
230,9,2
231,9,3
232,9,4
233,9,2
234,9,4
235,9,4
236,9,1
237,9,4
238,9,2
239,9,2
240,9,3
241,9,2
242,9,2
243,9,2
244,9,5
245,9,2
246,9,2
247,9,1
248,9,5
249,9,5
250,9,4
251,9,2
252,9,4
253,9,4
254,9,1
255,9,4
256,9,4
257,9,5
258,9,4
259,9,4
260,9,2
261,9,2
262,9,2
263,9,1
264,9,3
265,9,2
266,9,2
267,9,4
268,9,2
269,9,4
270,9,2
271,9,3
272,9,3
273,9,2
274,9,2
275,9,4
276,9,2
277,9,4
278,9,4
279,9,4
280,9,3
281,9,2
282,9,4
283,9,4
284,9,2
285,9,4
286,9,2
287,9,5
288,9,4
289,9,4
290,9,2
291,9,4
292,9,3
293,9,3
294,9,2
295,9,2
296,9,4
297,9,3
298,9,3
299,9,4
300,9,4
301,9,4
302,9,4
303,9,2
304,9,4
305,9,2
306,9,3
307,9,2
308,9,2
309,9,4
310,9,2
311,9,3
312,9,4
313,9,2
314,9,2
315,9,4
316,9,3
317,9,4
318,9,4
319,9,4
320,9,4
321,9,3
322,9,4
323,9,2
324,9,3
325,9,4
326,9,1
327,9,3
328,9,2
329,9,2
330,9,3
331,9,4
332,9,4
333,9,3
334,9,2
335,9,2
336,9,4
337,9,2
338,9,2
339,9,4
340,9,2
341,9,4
342,9,3
343,9,4
344,9,4
345,9,2
346,9,4
347,9,4
348,9,2
349,9,3
350,9,2
351,9,3
352,9,2
353,9,2
354,9,4
355,9,5
356,9,3
357,9,4
358,9,3
359,9,2
360,9,2
361,9,3
362,9,3
363,9,3
364,9,4
365,9,4
366,9,3
367,9,4
368,9,4
369,9,4
370,9,3
371,9,4
372,9,4
373,9,4
374,9,3
375,9,4
376,9,4
377,9,2
378,9,1
379,9,4
380,9,5
381,9,4
382,9,2
383,9,4
384,9,4
385,9,2
386,9,4
387,9,3
388,9,4
389,9,4
390,9,4
391,9,2
392,9,4
393,9,3
394,9,3
395,9,2
396,9,3
397,9,4
398,9,5
399,9,2
400,9,3
401,9,2
402,9,2
403,9,3
404,9,3
405,9,2
406,9,2
407,9,4
408,9,4
409,9,3
410,9,3
411,9,2
412,9,2
413,9,5
414,9,2
415,9,2
416,9,4
417,9,3
418,9,3
419,9,2
420,9,2
421,9,2
422,9,3
423,9,3
424,9,4
425,9,2
426,9,1
427,9,4
428,9,3
429,9,1
430,9,4
431,9,4
432,9,3
433,9,4
434,9,4
435,9,2
436,9,3
437,9,2
438,9,4
439,9,5
440,9,2
441,9,3
442,9,4
443,9,4
444,9,4
445,9,5
446,9,4
447,9,4
448,9,3
449,9,4
450,9,2
451,9,3
452,9,2
453,9,4
454,9,4
455,9,2
456,9,4
457,9,3
458,9,2
459,9,4
460,9,4
461,9,4
462,9,2
463,9,4
464,9,2
465,9,3
466,9,2
467,9,4
468,9,4
469,9,4
470,9,2
471,9,3
472,9,5
473,9,4
474,9,2
475,9,2
476,9,2
477,9,3
478,9,1
479,9,2
480,9,2
481,9,2
482,9,3
483,9,2
484,9,3
485,9,1
486,9,4
487,9,3
488,9,4
489,9,3
490,9,2
491,9,2
492,9,2
493,9,2
494,9,2
495,9,3
496,9,2
497,9,2
498,9,4
499,9,2
500,9,4
501,9,2
502,9,2
503,9,2
504,9,2
505,9,3
506,9,5
1,10,3
2,10,1
3,10,3
4,10,3
5,10,4
6,10,3
7,10,3
8,10,4
9,10,3
10,10,2
11,10,3
12,10,3
13,10,3
14,10,3
15,10,4
16,10,4
17,10,3
18,10,2
19,10,2
20,10,3
21,10,2
22,10,2
23,10,2
24,10,3
25,10,3
26,10,3
27,10,1
28,10,4
29,10,4
30,10,3
31,10,3
32,10,4
33,10,3
34,10,3
35,10,2
36,10,3
37,10,3
38,10,4
39,10,3
40,10,2
41,10,5
42,10,2
43,10,2
44,10,4
45,10,3
46,10,3
47,10,3
48,10,3
49,10,3
50,10,3
51,10,2
52,10,3
53,10,2
54,10,3
55,10,3
56,10,4
57,10,2
58,10,4
59,10,2
60,10,2
61,10,3
62,10,4
63,10,3
64,10,3
65,10,3
66,10,3
67,10,3
68,10,4
69,10,3
70,10,4
71,10,3
72,10,3
73,10,4
74,10,4
75,10,2
76,10,2
77,10,3
78,10,4
79,10,2
80,10,3
81,10,3
82,10,4
83,10,2
84,10,3
85,10,2
86,10,3
87,10,3
88,10,2
89,10,4
90,10,3
91,10,2
92,10,3
93,10,4
94,10,2
95,10,4
96,10,2
97,10,3
98,10,2
99,10,3
100,10,2
101,10,3
102,10,4
103,10,3
104,10,3
105,10,3
106,10,2
107,10,3
108,10,2
109,10,5
110,10,4
111,10,3
112,10,4
113,10,3
114,10,3
115,10,3
116,10,3
117,10,4
118,10,5
119,10,3
120,10,2
121,10,3
122,10,2
123,10,3
124,10,3
125,10,3
126,10,4
127,10,4
128,10,3
129,10,4
130,10,2
131,10,2
132,10,4
133,10,3
134,10,2
135,10,2
136,10,2
137,10,5
138,10,4
139,10,2
140,10,2
141,10,3
142,10,2
143,10,4
144,10,3
145,10,4
146,10,3
147,10,3
148,10,3
149,10,3
150,10,4
151,10,3
152,10,3
153,10,3
154,10,3
155,10,3
156,10,2
157,10,3
158,10,2
159,10,4
160,10,2
161,10,2
162,10,3
163,10,4
164,10,4
165,10,3
166,10,3
167,10,4
168,10,3
169,10,2
170,10,2
171,10,3
172,10,1
173,10,3
174,10,3
175,10,4
176,10,3
177,10,3
178,10,2
179,10,3
180,10,2
181,10,3
182,10,2
183,10,3
184,10,3
185,10,4
186,10,5
187,10,3
188,10,3
189,10,4
190,10,4
191,10,3
192,10,4
193,10,3
194,10,2
195,10,3
196,10,3
197,10,1
198,10,4
199,10,3
200,10,2
201,10,4
202,10,4
203,10,3
204,10,4
205,10,3
206,10,3
207,10,3
208,10,4
209,10,3
210,10,4
211,10,3
212,10,2
213,10,2
214,10,2
215,10,4
216,10,3
217,10,2
218,10,5
219,10,4
220,10,3
221,10,3
222,10,4
223,10,3
224,10,3
225,10,3
226,10,3
227,10,3
228,10,2
229,10,3
230,10,3
231,10,3
232,10,4
233,10,3
234,10,2
235,10,3
236,10,2
237,10,4
238,10,2
239,10,2
240,10,2
241,10,2
242,10,4
243,10,5
244,10,3
245,10,2
246,10,2
247,10,2
248,10,4
249,10,2
250,10,3
251,10,2
252,10,4
253,10,3
254,10,4
255,10,2
256,10,3
257,10,3
258,10,4
259,10,3
260,10,3
261,10,4
262,10,4
263,10,4
264,10,3
265,10,3
266,10,3
267,10,3
268,10,4
269,10,3
270,10,4
271,10,3
272,10,3
273,10,1
274,10,4
275,10,3
276,10,3
277,10,3
278,10,3
279,10,3
280,10,3
281,10,3
282,10,3
283,10,3
284,10,4
285,10,2
286,10,3
287,10,3
288,10,3
289,10,2
290,10,4
291,10,2
292,10,3
293,10,3
294,10,3
295,10,4
296,10,3
297,10,4
298,10,3
299,10,4
300,10,4
301,10,3
302,10,2
303,10,3
304,10,5
305,10,3
306,10,2
307,10,3
308,10,1
309,10,3
310,10,3
311,10,5
312,10,4
313,10,4
314,10,3
315,10,4
316,10,2
317,10,4
318,10,1
319,10,2
320,10,2
321,10,2
322,10,2
323,10,3
324,10,3
325,10,4
326,10,4
327,10,4
328,10,2
329,10,2
330,10,3
331,10,4
332,10,2
333,10,2
334,10,4
335,10,3
336,10,2
337,10,3
338,10,2
339,10,3
340,10,3
341,10,4
342,10,4
343,10,2
344,10,2
345,10,3
346,10,3
347,10,3
348,10,2
349,10,3
350,10,2
351,10,2
352,10,3
353,10,3
354,10,3
355,10,3
356,10,3
357,10,2
358,10,4
359,10,4
360,10,2
361,10,4
362,10,3
363,10,2
364,10,2
365,10,4
366,10,3
367,10,3
368,10,2
369,10,3
370,10,3
371,10,1
372,10,3
373,10,3
374,10,2
375,10,5
376,10,2
377,10,3
378,10,4
379,10,3
380,10,4
381,10,3
382,10,3
383,10,4
384,10,4
385,10,4
386,10,3
387,10,4
388,10,4
389,10,3
390,10,5
391,10,3
392,10,2
393,10,3
394,10,3
395,10,4
396,10,3
397,10,4
398,10,4
399,10,3
400,10,3
401,10,3
402,10,4
403,10,3
404,10,2
405,10,3
406,10,1
407,10,3
408,10,2
409,10,4
410,10,3
411,10,3
412,10,4
413,10,3
414,10,3
415,10,2
416,10,4
417,10,4
418,10,4
419,10,2
420,10,2
421,10,4
422,10,4
423,10,3
424,10,2
425,10,5
426,10,3
427,10,3
428,10,1
429,10,2
430,10,5
431,10,4
432,10,3
433,10,3
434,10,4
435,10,4
436,10,3
437,10,3
438,10,3
439,10,3
440,10,2
441,10,2
442,10,2
443,10,3
444,10,5
445,10,3
446,10,3
447,10,4
448,10,2
449,10,3
450,10,3
451,10,3
452,10,4
453,10,2
454,10,4
455,10,3
456,10,3
457,10,3
458,10,4
459,10,3
460,10,3
461,10,4
462,10,2
463,10,3
464,10,2
465,10,4
466,10,3
467,10,3
468,10,4
469,10,2
470,10,3
471,10,3
472,10,3
473,10,2
474,10,4
475,10,4
476,10,3
477,10,2
478,10,5
479,10,4
480,10,3
481,10,1
482,10,3
483,10,4
484,10,4
485,10,4
486,10,4
487,10,3
488,10,3
489,10,4
490,10,4
491,10,3
492,10,4
493,10,2
494,10,2
495,10,3
496,10,3
497,10,5
498,10,2
499,10,3
500,10,3
501,10,3
502,10,2
503,10,3
504,10,3
505,10,3
506,10,1
